rpm,v_kmh,air_kgh,air2_kgh,air_comb,load_pct,map_raw,boost,p_amb,t_amb,iat_pre,iat_amb,ect,rad_out,oil,tps,gear,lam,spark,wg,brake,spk_tgt,oil_filt,bst_tgt,trq_whl,air_gps,map_kpa,corr_flow,press_ratio,t_start,t_span,max_gap,load_ptp,source,_merged,t_span_min,t_span_max,n_sources
1549.3744112903225,96.6718264516129,63.30322580645161,64.33777790322581,69.34548064516127,37.79547580645161,13.746479838709678,1.015181935483871,14.448861290322583,36.05515322580645,66.5283870967742,52.929,93.35198064516129,51.06534677419354,93.82258064516128,15.125762096774194,6.0,0.994342741935484,17.325483870967744,0.0,0.0,17.325,105.0,0.00788,118.72496,17.584229390681003,53.92813946476358,0.01876938978702709,1.092077814595092,295.594,59.80499999999998,0.45000000000027285,1.2163101397791334,3aca2ec1-20260907_072817.csv+7475b5d7-20260908_142743.csv,2,59.789999999999964,59.81999999999999,2
1552.0436834170855,96.75627175879397,45.707577889447236,44.82094924623115,47.50489648241206,26.06557537688442,13.713879095477388,0.5310649246231156,14.444896683417088,35.769,64.69089788944723,54.32035175879397,92.08415778894471,46.92180904522613,93.56392964824121,13.940182512562814,6.0,0.9954725628140704,18.52316834170854,0.9171859296482413,0.0,18.420226130653266,106.82223618090453,0.004371859296482411,70.69552763819095,12.696549413735344,40.048287934528815,0.013566620674892213,1.057902729943506,2146.118,59.941500000000104,0.27299999999999613,0.563888575617458,3aca2ec1-20260907_072817.csv+7475b5d7-20260908_142743.csv,2,59.911,59.97200000000021,2
1553.312030075188,96.79055137844614,57.583959899749374,57.16834586466166,59.74335839598997,32.71052631578947,13.70699248120301,0.5932080200501253,14.42528822055138,39.62531328320802,82.01245614035086,55.515037593984964,92.64170426065165,66.61842105263158,96.51629072681705,15.158446115288221,6.0,0.9903007518796992,18.75,1.110375939849624,0.0,18.75,108.046992481203,0.004335839598997493,114.16476190476192,15.995544416597046,50.085388620452186,0.01745908296338729,1.0623688459550156,89.521,59.943,0.18200000000000216,0.252212389380531,7475b5d7-20260908_142743.csv,1,59.943,59.943,1
1707.1754137763173,106.41017129122551,64.73999026408666,67.15164658634538,69.62650602409639,33.38430996714129,13.489156626506025,1.082017463794572,14.209357429718878,32.21373372276987,77.56831325301202,47.68975903614458,92.74237495436292,53.99096385542169,92.29718875502007,16.04979919678715,nan,0.9958777534379945,20.413141201168308,0.7298795180722892,nan,nan,nan,nan,nan,17.98333062891296,49.28034986485035,0.02051760034705866,1.0866542619422643,1604.462,59.849999999999966,0.4519999999999982,1.3577405857740585,cb67b01f-20260908_084142.csv+drive10-20260918_233912.csv,2,59.84999999999991,59.85000000000002,2
1878.6398393574298,117.34623987951807,58.30001606425703,57.63025546184739,60.1301281124498,27.32524096385542,13.460131606425703,0.5981780321285141,14.183159236947793,39.29580120481928,71.09266975903614,48.35992469879518,87.64284819277108,54.25772289156627,87.29679116465863,15.447042690763052,6.0,0.9939851405622491,23.06025,0.9905999999999999,0.0,23.364451807228917,95.72086746987952,0.04236746987951808,101.16101582329318,16.194448906738067,41.61238026844472,0.017786689927486738,1.0634532835698771,3040.162,59.91025000000005,0.45200000000022555,0.8647798742138364,7475b5d7-20260908_142743.csv+cb67b01f-20260908_084142.csv,4,59.85100000000011,59.999000000000024,2
1878.0247171543317,117.2636236603557,75.84883993115318,75.09929037292025,77.43078783706254,35.18587607573149,13.4708469535284,1.0623790935169248,14.17538790590935,41.23711646586345,76.12078088353414,52.56771256454389,85.19109305794606,58.01633734939759,84.88623981640849,16.64072764199656,6.0,0.9944383247274814,22.83148364888124,0.9613162134251291,0.0,22.80806827309237,95.21381325301205,0.037314350736278444,141.8454313253012,21.06912220309811,53.378640126719766,0.023299457451383045,1.096889678798619,3100.314,59.80285714285713,0.45200000000022555,0.9108464483198638,7475b5d7-20260908_142743.csv+cb67b01f-20260908_084142.csv,7,59.759000000000015,59.91100000000006,2
1875.642,117.122,88.4,89.461,90.8728,41.097,13.530599999999998,1.6218800000000002,14.173680000000001,41.7,77.96884,51.75,88.894,61.272,86.9,17.512240000000002,6.0,0.99612,20.724,1.17,0.0,21.048,98.55,0.056200000000000014,180.81524000000002,24.55555555555556,61.363825049117295,0.027120111750001306,1.137171092074399,2920.071,59.76099999999997,0.2430000000003929,0.4379881743192934,7475b5d7-20260908_142743.csv,1,59.76099999999997,59.76099999999997,1
1878.694779116466,117.14614457831324,107.59839357429719,106.18895582329318,107.00281124497991,48.84036144578313,13.894337349397588,2.3439357429718877,14.15927710843373,42.100401606425706,75.12771084337349,53.53313253012048,84.9575903614458,55.954819277108435,81.8995983935743,18.525060240963853,6.0,0.9947389558232932,15.228915662650602,0.6343373493975903,0.0,16.457831325301203,91.72289156626506,0.4804819277108433,211.61265060240964,29.888442659526998,73.11990826345168,0.03313417714068202,1.1893602783533836,2648.601,59.78899999999976,0.4530000000004293,0.522109158186864,7475b5d7-20260908_142743.csv,1,59.78899999999976,59.78899999999976,1
2039.172612461355,127.41970059901402,69.16667600370494,72.41269843373493,74.71738955823294,29.617010896174335,13.51623345381526,2.246518424934799,14.24889606425703,37.837983462846516,75.44461084337348,54.88140060240964,89.1533291327328,62.801870481927715,87.288139764014,16.455762489959838,6.0,0.9922588945245346,24.989388662218595,0.43894578313253013,0.0,24.828237951807232,94.00239457831326,0.030175983935742973,108.55184253012048,19.212965556584706,44.985087393361546,0.022455290865925393,1.0850337373973404,1836.166,59.82055555555545,0.48000000000047294,0.7446832077979619,7475b5d7-20260908_142743.csv+drive10-20260918_233912.csv,9,59.75999999999931,59.999000000000706,2
2038.780831325301,127.35601205825809,91.88312516230336,91.47005322784874,93.57614884802366,39.24214240420328,13.680450504172077,1.5956434507956638,14.348812743706658,39.24552959708508,73.54218376926251,54.78504016064257,89.11379619329448,57.571031056557054,88.03166875018871,17.22476506909845,6.0,0.9953329152197764,22.87854905335628,0.3649397590361447,0.0,22.749088353413654,96.85990361445783,0.01972401606425703,154.71180615796524,25.523090322862043,58.175883959734286,0.0275505962699239,1.1338383543026864,1956.316,59.8205,0.4490000000000691,0.5548639926233288,3aca2ec1-20260907_072817.csv+670063b2-20260907_142018.csv+7475b5d7-20260908_142743.csv,6,59.75999999999999,59.97199999999998,3
2040.2986666666666,127.38947999999999,108.55466666666666,108.22860000000001,109.7808,46.251000000000005,13.762306666666667,2.4548666666666668,14.29892,39.25866666666666,79.45864,54.9375,86.13960000000002,61.909,86.58,17.906066666666664,6.0,0.9937733333333334,18.704,0.75036,0.0,19.854,96.189,0.0,193.86066,30.15407407407407,67.44265472961699,0.03278434804196522,1.195465505170375,1716.045,59.809999999999945,0.2720000000001619,0.5660133255708648,3aca2ec1-20260907_072817.csv+7475b5d7-20260908_142743.csv,3,59.79099999999994,59.819999999999936,2
2259.8391543185076,141.1783757059852,118.79804956876387,119.20195331318881,121.26403943558611,45.82254488763643,13.805818446228955,2.81143569486718,14.376681864892186,37.91810334623097,82.32222005287481,53.8504048192771,90.15765909944025,56.22974421395036,87.90104324470104,18.11961069274815,6.0,0.9922824017862222,20.174978628080158,0.2813375421686747,0.0,21.344113253012047,98.14356144578313,0.0010176706827309237,193.26431893975902,32.99945821354552,65.90109360381079,0.03546998768273785,1.2199296603810816,209.313,59.83354545454549,0.48099999999999454,0.8005723240444232,3aca2ec1-20260907_072817.csv+670063b2-20260907_142018.csv+7475b5d7-20260908_142743.csv,11,59.75999999999999,59.96899999999994,3
2274.433,141.96282000000002,138.328,138.43342,139.4032,52.4805,14.059019999999999,3.73062,14.389399999999998,37.037,86.05874,54.966,89.0584,58.8165,90.52600000000001,19.55272,6.0,0.9916400000000001,14.956499999999998,1.7195600000000002,0.0,16.26,103.992,0.422,221.63639999999998,38.42444444444445,74.94226628186777,0.04126057745252282,1.2849000209010115,1384.295,59.76049999999992,0.24300000000016553,0.8710295569362988,3aca2ec1-20260907_072817.csv+7475b5d7-20260908_142743.csv,2,59.75999999999999,59.760999999999854,2
2439.0308246189857,97.63813150395643,57.06883698445411,56.154969658804674,58.889633424929386,20.43686550644989,13.485521366053483,0.5940172823957459,14.218063824644428,34.16246851385391,60.33667881586646,nan,92.48684527898632,46.25394292420426,92.90863928962165,14.5452274635524,6.0,0.9947289329058852,24.751032841004502,nan,0.0,nan,nan,nan,nan,15.852454717903921,30.419806133312985,0.016973522225873568,1.0630372639180377,669.185,59.926000000000045,0.2999999999999545,0.5843391227553724,683640a0-20260907_070212.csv,2,59.91000000000008,59.94200000000001,1
2442.64824120603,97.73097989949747,74.52261306532664,73.61236180904523,76.5007537688442,26.57223618090452,13.505804020100504,0.9194472361809045,14.24429648241206,34.097989949748744,57.50236180904521,nan,92.82105527638191,42.2035175879397,92.0,16.7056783919598,6.0,0.9923618090452262,29.097361809045225,nan,0.0,nan,nan,nan,nan,20.700725851479625,39.65388295015448,0.022123362105078634,1.0862745546646486,789.335,59.969999999999914,0.18200000000001637,0.2822494858520672,683640a0-20260907_070212.csv,1,59.969999999999914,59.969999999999914,1
2581.6432673509285,94.42544341262082,71.96535244922342,71.7779192462257,73.50854920169435,24.383716194200066,13.5043046051917,0.8427476376669923,14.240377565982405,33.166666666666664,60.0448499782774,nan,93.09531280547411,48.33218271423917,92.8754072987944,16.366062914087106,5.0,0.9939904420549581,29.880050505050505,nan,0.0,nan,nan,nan,nan,19.990375680339838,35.877669584185774,0.021332530857649034,1.0807809334581246,504.213,59.95999999999998,0.4519999999999982,0.6079508726567551,3aca2ec1-20260907_072817.csv+683640a0-20260907_070212.csv,3,59.93700000000001,59.97199999999992,2
2614.689651162791,127.39746398671097,90.50516943521595,89.66580132890365,92.70556279069768,30.215441860465116,13.523109966777408,1.387305315614618,14.267049235880398,31.865976744186046,59.939720199335554,nan,93.084326910299,40.32641860465117,90.91194684385383,17.204007973421927,6.0,0.9937893023255815,29.936750830564783,nan,0.0,nan,nan,nan,nan,25.140324843115543,44.03778464374588,0.026727658353692972,1.1196289335956744,699.543,59.835500000000025,0.42000000000007276,0.44947735191637633,3aca2ec1-20260907_072817.csv,2,59.76099999999997,59.91000000000008,1
2613.5527638190956,127.17140703517586,128.93467336683418,127.81492462311557,130.37110552763818,42.584170854271356,13.557763819095477,3.0041206030150756,14.237361809045227,32.14070351758794,69.4944974874372,nan,94.31979899497487,43.98429648241206,91.34170854271356,18.031557788944724,6.0,0.9947738693467336,24.60113065326633,nan,0.0,nan,nan,nan,nan,35.815187046342835,60.53015395122566,0.03817290623404711,1.235721117856624,519.093,59.972000000000094,0.18200000000001637,0.17612178068855652,3aca2ec1-20260907_072817.csv,1,59.972000000000094,59.972000000000094,1
2615.2005012531326,127.32100250626567,109.70426065162907,109.1333082706767,111.44761904761904,36.43796992481203,13.524285714285716,1.9938095238095235,14.27057644110276,32.64912280701754,67.74872180451128,nan,92.60035087719298,47.28007518796993,91.24561403508773,17.76812030075188,6.0,0.9914285714285714,27.298872180451127,nan,0.0,nan,nan,nan,nan,30.473405736563635,52.53010783297449,0.03243067831091846,1.162972219804888,408.813,59.97000000000003,0.18199999999995953,0.1646633995357235,3aca2ec1-20260907_072817.csv,1,59.97000000000003,59.97000000000003,1
2881.741430730479,140.4113365910999,146.59636607892529,145.86874287153657,149.5635892527288,44.09803526448363,13.728291183879094,3.395692225020991,14.415007523089841,35.20554827875735,80.26048748950461,nan,90.32411049538204,51.64979848866499,88.42522921914359,18.784962082283794,6.0,0.9961913685978171,24.95972292191436,nan,0.0,nan,nan,nan,nan,40.72121279970147,62.11759502819955,0.04307768833554268,1.2606792188229168,134.342,59.8303333333333,0.29999999999998295,0.4071098957443172,3aca2ec1-20260907_072817.csv+670063b2-20260907_142018.csv,3,59.75999999999999,59.91099999999997,2
2917.96,142.14628,147.28,146.99659999999997,149.308,43.671,13.72968,3.8217999999999996,14.431400000000004,31.666,73.023,nan,92.7508,41.325,90.0,18.624760000000002,6.0,0.99772,25.443,nan,0.0,nan,nan,nan,nan,40.91111111111111,61.06314927063267,0.042985043235826255,1.290640533774685,1552.296,59.97199999999998,0.4519999999999982,0.18891255066291132,3aca2ec1-20260907_072817.csv,1,59.97199999999998,59.97199999999998,1
2931.212121212121,117.45222222222223,76.34343434343434,76.06131313131313,78.3608585858586,22.59659090909091,13.454898989898991,0.9580808080808078,14.188232323232326,33.16540404040404,59.680277777777775,nan,92.65520202020204,43.166666666666664,90.8080808080808,16.445353535353537,6.0,0.9937626262626263,30.696969696969695,nan,0.0,nan,nan,nan,nan,21.206509539842873,33.12387112357086,0.022716493639527553,1.0893019526907346,984.456,59.851,0.21000000000003638,0.49786271058586873,683640a0-20260907_070212.csv,1,59.851,59.851,1
2935.133819349272,117.42616789756866,115.40485254555607,114.85771375818486,117.52763057712806,34.084741891274554,13.460549781736969,2.034718034617532,14.203735279935028,33.62815656565657,64.38887512055226,nan,92.75419636059084,47.146152162326786,91.6269224912441,18.365131021267956,6.0,0.991838739150297,30.604951842546065,nan,0.0,nan,nan,nan,nan,32.056903484876685,49.23501142073866,0.034330769171588026,1.166576411316291,864.367,59.89350000000002,0.2699999999999818,0.5376782077393075,683640a0-20260907_070212.csv,2,59.849000000000046,59.93799999999999,1
3178.006,127.38963999999999,108.432,108.68260000000001,111.04240000000001,29.874,13.60728,1.60236,14.340360000000002,42.714,75.71047999999999,53.925,84.3036,67.2,83.0,18.6706,6.0,0.99488,34.752,0.0,0.0,34.569,93.75,0.001,151.62879999999998,30.120000000000005,44.08766803921494,0.032989491346200425,1.1344254660124549,1418.113,59.972999999999956,0.4500000000000455,0.20084354288009643,7475b5d7-20260908_142743.csv,1,59.972999999999956,59.972999999999956,1
4183.694495983936,127.21053911646587,156.69760642570282,156.50541775100402,158.9918823293173,32.439108433734944,13.604776465863452,3.017167670682731,14.360461204819277,34.68875903614458,70.61324184738956,53.865,91.79497550200803,55.46264759036145,90.44406827309237,19.790733895582328,5.004,0.9955065060240964,34.52489156626506,0.0,0.0,33.387,95.58,0.0,224.262,43.527112896028555,46.88689254807823,0.04641256271150947,1.2347909963045995,1483.124,59.78999999999999,0.4800000000000182,0.19549917455904076,3aca2ec1-20260907_072817.csv+7475b5d7-20260908_142743.csv,4,59.759000000000015,59.819999999999936,2
5052.715538847117,117.49561403508774,177.4436090225564,177.1731328320802,179.31503759398498,30.19172932330827,13.45711779448622,3.7612280701754393,14.208571428571434,33.42731829573935,82.4237343358396,nan,94.58506265664161,74.22932330827068,97.76691729323308,20.48844611528822,4.0,0.9942857142857142,36.5,nan,0.0,nan,nan,nan,nan,49.28989139515455,45.1367546346504,0.05275215205826776,1.2905312863701526,1139.289,59.968000000000075,0.18299999999999272,0.2732536421367202,683640a0-20260907_070212.csv,1,59.968000000000075,59.968000000000075,1
