Time,"Engine speed","Intake manifold absolute pressure","Boost pressure","Air mass flow","Mass flow through throttle valve bank 1","Relative air filling","Intake air temperature before throttle valve, measured","Air mass flow participating in combustion","Coolant temperature","Engine radiator outlet temperature (coolant)","Oil temperature","Ambient pressure","Ambient temperature","Vehicle speed","Throttle valve angle related to the lower stop","Actual gear","Lambda actual value","Actual ignition angle","Condition brake test switch actuated"
0.000,0,0,0,0,0,0,0,0,0,0,0,0,0,0.00,0,0,0,0,0
0.240,0,0,0,0,0,0,0,0,0,0,0,0,0,0.00,19.87,0,0,0,0
0.420,0,0,0,0,0,0,0,0,0,0,0,0,0,0.00,19.87,0.00,0,0,0
0.630,0,0,0,0,0,0,0,0,0,0,0,0,0,0.00,19.87,0.00,1.00,0,0
0.780,0,0,0,0,0,0,0,0,0,0,0,0,0,0.00,19.87,0.00,1.00,-26.25,0
0.930,0,0,0,0,0,0,0,0,0,0,0,0,0,0.00,19.87,0.00,1.00,-26.25,0.00
1.080,1265.00,0,0,0,0,0,0,0,0,0,0,0,0,0.00,19.87,0.00,1.00,-26.25,0.00
1.230,1265.00,13.55,0,0,0,0,0,0,0,0,0,0,0,0.00,19.87,0.00,1.00,-26.25,0.00
1.411,1265.00,13.55,0.09,0,0,0,0,0,0,0,0,0,0,0.00,19.87,0.00,1.00,-26.25,0.00
1.560,1265.00,13.55,0.09,60.00,0,0,0,0,0,0,0,0,0,0.00,19.87,0.00,1.00,-26.25,0.00
1.710,1265.00,13.55,0.09,60.00,60.72,0,0,0,0,0,0,0,0,0.00,19.87,0.00,1.00,-26.25,0.00
1.860,1265.00,13.55,0.09,60.00,60.72,44.25,0,0,0,0,0,0,0,0.00,19.87,0.00,1.00,-26.25,0.00
2.040,1265.00,13.55,0.09,60.00,60.72,44.25,41.64,0,0,0,0,0,0,0.00,19.87,0.00,1.00,-26.25,0.00
2.221,1265.00,13.55,0.09,60.00,60.72,44.25,41.64,60.90,0,0,0,0,0,0.00,19.87,0.00,1.00,-26.25,0.00
2.369,1265.00,13.55,0.09,60.00,60.72,44.25,41.64,60.90,41.96,0,0,0,0,0.00,19.87,0.00,1.00,-26.25,0.00
2.520,1265.00,13.55,0.09,60.00,60.72,44.25,41.64,60.90,41.96,38.25,0,0,0,0.00,19.87,0.00,1.00,-26.25,0.00
2.699,1265.00,13.55,0.09,60.00,60.72,44.25,41.64,60.90,41.96,38.25,39.00,0,0,0.00,19.87,0.00,1.00,-26.25,0.00
2.849,1265.00,13.55,0.09,60.00,60.72,44.25,41.64,60.90,41.96,38.25,39.00,14.22,0,0.00,19.87,0.00,1.00,-26.25,0.00
2.999,1265.00,13.55,0.09,60.00,60.72,44.25,41.64,60.90,41.96,38.25,39.00,14.22,36.50,0.00,19.87,0.00,1.00,-26.25,0.00
3.149,1265.00,13.55,0.09,60.00,60.72,44.25,41.64,60.90,41.96,38.25,39.00,14.22,36.50,0.00,19.87,0.00,1.00,-26.25,0.00
3.299,1265.00,13.55,0.09,60.00,60.72,44.25,41.64,60.90,41.96,38.25,39.00,14.22,36.50,0.00,18.48,0.00,1.00,-26.25,0.00
3.449,1265.00,13.55,0.09,60.00,60.72,44.25,41.64,60.90,41.96,38.25,39.00,14.22,36.50,0.00,18.48,0.00,1.00,-26.25,0.00
3.600,1265.00,13.55,0.09,60.00,60.72,44.25,41.64,60.90,41.96,38.25,39.00,14.22,36.50,0.00,18.48,0.00,1.00,-26.25,0.00
3.750,1265.00,13.55,0.09,60.00,60.72,44.25,41.64,60.90,41.96,38.25,39.00,14.22,36.50,0.00,18.48,0.00,1.00,-21.75,0.00
3.900,1265.00,13.55,0.09,60.00,60.72,44.25,41.64,60.90,41.96,38.25,39.00,14.22,36.50,0.00,18.48,0.00,1.00,-21.75,0.00
4.050,1214.00,13.55,0.09,60.00,60.72,44.25,41.64,60.90,41.96,38.25,39.00,14.22,36.50,0.00,18.48,0.00,1.00,-21.75,0.00
4.200,1214.00,13.53,0.09,60.00,60.72,44.25,41.64,60.90,41.96,38.25,39.00,14.22,36.50,0.00,18.48,0.00,1.00,-21.75,0.00
4.350,1214.00,13.53,0.17,60.00,60.72,44.25,41.64,60.90,41.96,38.25,39.00,14.22,36.50,0.00,18.48,0.00,1.00,-21.75,0.00
4.500,1214.00,13.53,0.17,64.00,60.72,44.25,41.64,60.90,41.96,38.25,39.00,14.22,36.50,0.00,18.48,0.00,1.00,-21.75,0.00
4.650,1214.00,13.53,0.17,64.00,65.53,44.25,41.64,60.90,41.96,38.25,39.00,14.22,36.50,0.00,18.48,0.00,1.00,-21.75,0.00
4.800,1214.00,13.53,0.17,64.00,65.53,47.25,41.64,60.90,41.96,38.25,39.00,14.22,36.50,0.00,18.48,0.00,1.00,-21.75,0.00
4.950,1214.00,13.53,0.17,64.00,65.53,47.25,41.36,60.90,41.96,38.25,39.00,14.22,36.50,0.00,18.48,0.00,1.00,-21.75,0.00
5.100,1214.00,13.53,0.17,64.00,65.53,47.25,41.36,66.10,41.96,38.25,39.00,14.22,36.50,0.00,18.48,0.00,1.00,-21.75,0.00
5.250,1214.00,13.53,0.17,64.00,65.53,47.25,41.36,66.10,41.96,38.25,39.00,14.22,36.50,0.00,18.48,0.00,1.00,-21.75,0.00
5.400,1214.00,13.53,0.17,64.00,65.53,47.25,41.36,66.10,41.96,38.25,39.00,14.22,36.50,0.00,18.48,0.00,1.00,-21.75,0.00
5.550,1214.00,13.53,0.17,64.00,65.53,47.25,41.36,66.10,41.96,38.25,39.00,14.22,36.50,0.00,18.48,0.00,1.00,-21.75,0.00
5.700,1214.00,13.53,0.17,64.00,65.53,47.25,41.36,66.10,41.96,38.25,39.00,14.22,36.50,0.00,18.48,0.00,1.00,-21.75,0.00
5.850,1214.00,13.53,0.17,64.00,65.53,47.25,41.36,66.10,41.96,38.25,39.00,14.22,36.50,0.00,18.48,0.00,1.00,-21.75,0.00
6.000,1214.00,13.53,0.17,64.00,65.53,47.25,41.36,66.10,41.96,38.25,39.00,14.22,36.50,0.00,18.48,0.00,1.00,-21.75,0.00
6.150,1214.00,13.53,0.17,64.00,65.53,47.25,41.36,66.10,41.96,38.25,39.00,14.22,36.50,0.00,18.49,0.00,1.00,-21.75,0.00
6.300,1214.00,13.53,0.17,64.00,65.53,47.25,41.36,66.10,41.96,38.25,39.00,14.22,36.50,0.00,18.49,0.00,1.00,-21.75,0.00
6.450,1214.00,13.53,0.17,64.00,65.53,47.25,41.36,66.10,41.96,38.25,39.00,14.22,36.50,0.00,18.49,0.00,0.98,-21.75,0.00
6.600,1214.00,13.53,0.17,64.00,65.53,47.25,41.36,66.10,41.96,38.25,39.00,14.22,36.50,0.00,18.49,0.00,0.98,-21.00,0.00
6.750,1214.00,13.53,0.17,64.00,65.53,47.25,41.36,66.10,41.96,38.25,39.00,14.22,36.50,0.00,18.49,0.00,0.98,-21.00,0.00
6.901,1170.50,13.53,0.17,64.00,65.53,47.25,41.36,66.10,41.96,38.25,39.00,14.22,36.50,0.00,18.49,0.00,0.98,-21.00,0.00
7.050,1170.50,13.54,0.17,64.00,65.53,47.25,41.36,66.10,41.96,38.25,39.00,14.22,36.50,0.00,18.49,0.00,0.98,-21.00,0.00
7.201,1170.50,13.54,0.23,64.00,65.53,47.25,41.36,66.10,41.96,38.25,39.00,14.22,36.50,0.00,18.49,0.00,0.98,-21.00,0.00
7.351,1170.50,13.54,0.23,68.00,65.53,47.25,41.36,66.10,41.96,38.25,39.00,14.22,36.50,0.00,18.49,0.00,0.98,-21.00,0.00
7.501,1170.50,13.54,0.23,68.00,70.53,47.25,41.36,66.10,41.96,38.25,39.00,14.22,36.50,0.00,18.49,0.00,0.98,-21.00,0.00
7.650,1170.50,13.54,0.23,68.00,70.53,51.00,41.36,66.10,41.96,38.25,39.00,14.22,36.50,0.00,18.49,0.00,0.98,-21.00,0.00
7.800,1170.50,13.54,0.23,68.00,70.53,51.00,41.36,66.10,41.96,38.25,39.00,14.22,36.50,0.00,18.49,0.00,0.98,-21.00,0.00
7.951,1170.50,13.54,0.23,68.00,70.53,51.00,41.36,71.50,41.96,38.25,39.00,14.22,36.50,0.00,18.49,0.00,0.98,-21.00,0.00
8.101,1170.50,13.54,0.23,68.00,70.53,51.00,41.36,71.50,41.96,38.25,39.00,14.22,36.50,0.00,18.49,0.00,0.98,-21.00,0.00
8.251,1170.50,13.54,0.23,68.00,70.53,51.00,41.36,71.50,41.96,38.25,39.00,14.22,36.50,0.00,18.49,0.00,0.98,-21.00,0.00
8.400,1170.50,13.54,0.23,68.00,70.53,51.00,41.36,71.50,41.96,38.25,39.00,14.22,36.50,0.00,18.49,0.00,0.98,-21.00,0.00
8.550,1170.50,13.54,0.23,68.00,70.53,51.00,41.36,71.50,41.96,38.25,39.00,14.22,36.50,0.00,18.49,0.00,0.98,-21.00,0.00
8.701,1170.50,13.54,0.23,68.00,70.53,51.00,41.36,71.50,41.96,38.25,39.00,14.22,36.50,0.00,18.49,0.00,0.98,-21.00,0.00
8.851,1170.50,13.54,0.23,68.00,70.53,51.00,41.36,71.50,41.96,38.25,39.00,14.22,36.50,0.00,18.49,0.00,0.98,-21.00,0.00
9.001,1170.50,13.54,0.23,68.00,70.53,51.00,41.36,71.50,41.96,38.25,39.00,14.22,36.50,0.00,19.12,0.00,0.98,-21.00,0.00
9.151,1170.50,13.54,0.23,68.00,70.53,51.00,41.36,71.50,41.96,38.25,39.00,14.22,36.50,0.00,19.12,0.00,0.98,-21.00,0.00
9.301,1170.50,13.54,0.23,68.00,70.53,51.00,41.36,71.50,41.96,38.25,39.00,14.22,36.50,0.00,19.12,0.00,1.00,-21.00,0.00
9.451,1170.50,13.54,0.23,68.00,70.53,51.00,41.36,71.50,41.96,38.25,39.00,14.22,36.50,0.00,19.12,0.00,1.00,-21.00,0.00
9.601,1170.50,13.54,0.23,68.00,70.53,51.00,41.36,71.50,41.96,38.25,39.00,14.22,36.50,0.00,19.12,0.00,1.00,-21.00,0.00
9.751,1225.00,13.54,0.23,68.00,70.53,51.00,41.36,71.50,41.96,38.25,39.00,14.22,36.50,0.00,19.12,0.00,1.00,-21.00,0.00
9.901,1225.00,13.54,0.23,68.00,70.53,51.00,41.36,71.50,41.96,38.25,39.00,14.22,36.50,0.00,19.12,0.00,1.00,-21.00,0.00
10.051,1225.00,13.54,0.26,68.00,70.53,51.00,41.36,71.50,41.96,38.25,39.00,14.22,36.50,0.00,19.12,0.00,1.00,-21.00,0.00
10.201,1225.00,13.54,0.26,68.00,70.53,51.00,41.36,71.50,41.96,38.25,39.00,14.22,36.50,0.00,19.12,0.00,1.00,-21.00,0.00
10.381,1225.00,13.54,0.26,68.00,69.31,51.00,41.36,71.50,41.96,38.25,39.00,14.22,36.50,0.00,19.12,0.00,1.00,-21.00,0.00
10.533,1225.00,13.54,0.26,68.00,69.31,48.75,41.36,71.50,41.96,38.25,39.00,14.22,36.50,0.00,19.12,0.00,1.00,-21.00,0.00
10.681,1225.00,13.54,0.26,68.00,69.31,48.75,41.24,71.50,41.96,38.25,39.00,14.22,36.50,0.00,19.12,0.00,1.00,-21.00,0.00
10.831,1225.00,13.54,0.26,68.00,69.31,48.75,41.24,67.00,41.96,38.25,39.00,14.22,36.50,0.00,19.12,0.00,1.00,-21.00,0.00
10.980,1225.00,13.54,0.26,68.00,69.31,48.75,41.24,67.00,42.06,38.25,39.00,14.22,36.50,0.00,19.12,0.00,1.00,-21.00,0.00
11.133,1225.00,13.54,0.26,68.00,69.31,48.75,41.24,67.00,42.06,38.25,39.00,14.22,36.50,0.00,19.12,0.00,1.00,-21.00,0.00
11.281,1225.00,13.54,0.26,68.00,69.31,48.75,41.24,67.00,42.06,38.25,39.00,14.22,36.50,0.00,19.12,0.00,1.00,-21.00,0.00
11.433,1225.00,13.54,0.26,68.00,69.31,48.75,41.24,67.00,42.06,38.25,39.00,14.22,36.50,0.00,19.12,0.00,1.00,-21.00,0.00
11.581,1225.00,13.54,0.26,68.00,69.31,48.75,41.24,67.00,42.06,38.25,39.00,14.22,36.50,0.00,19.12,0.00,1.00,-21.00,0.00
11.731,1225.00,13.54,0.26,68.00,69.31,48.75,41.24,67.00,42.06,38.25,39.00,14.22,36.50,0.00,19.12,0.00,1.00,-21.00,0.00
11.881,1225.00,13.54,0.26,68.00,69.31,48.75,41.24,67.00,42.06,38.25,39.00,14.22,36.50,0.00,16.60,0.00,1.00,-21.00,0.00
12.033,1225.00,13.54,0.26,68.00,69.31,48.75,41.24,67.00,42.06,38.25,39.00,14.22,36.50,0.00,16.60,0.00,1.00,-21.00,0.00
12.181,1225.00,13.54,0.26,68.00,69.31,48.75,41.24,67.00,42.06,38.25,39.00,14.22,36.50,0.00,16.60,0.00,1.00,-21.00,0.00
12.333,1225.00,13.54,0.26,68.00,69.31,48.75,41.24,67.00,42.06,38.25,39.00,14.22,36.50,0.00,16.60,0.00,1.00,-21.00,0.00
12.481,1225.00,13.54,0.26,68.00,69.31,48.75,41.24,67.00,42.06,38.25,39.00,14.22,36.50,0.00,16.60,0.00,1.00,-21.00,0.00
12.633,1082.50,13.54,0.26,68.00,69.31,48.75,41.24,67.00,42.06,38.25,39.00,14.22,36.50,0.00,16.60,0.00,1.00,-21.00,0.00
12.781,1082.50,13.52,0.26,68.00,69.31,48.75,41.24,67.00,42.06,38.25,39.00,14.22,36.50,0.00,16.60,0.00,1.00,-21.00,0.00
12.933,1082.50,13.52,0.19,68.00,69.31,48.75,41.24,67.00,42.06,38.25,39.00,14.22,36.50,0.00,16.60,0.00,1.00,-21.00,0.00
13.080,1082.50,13.52,0.19,48.00,69.31,48.75,41.24,67.00,42.06,38.25,39.00,14.22,36.50,0.00,16.60,0.00,1.00,-21.00,0.00
13.232,1082.50,13.52,0.19,48.00,48.28,48.75,41.24,67.00,42.06,38.25,39.00,14.22,36.50,0.00,16.60,0.00,1.00,-21.00,0.00
13.380,1082.50,13.52,0.19,48.00,48.28,38.25,41.24,67.00,42.06,38.25,39.00,14.22,36.50,0.00,16.60,0.00,1.00,-21.00,0.00
13.533,1082.50,13.52,0.19,48.00,48.28,38.25,41.24,67.00,42.06,38.25,39.00,14.22,36.50,0.00,16.60,0.00,1.00,-21.00,0.00
13.681,1082.50,13.52,0.19,48.00,48.28,38.25,41.24,45.60,42.06,38.25,39.00,14.22,36.50,0.00,16.60,0.00,1.00,-21.00,0.00
13.831,1082.50,13.52,0.19,48.00,48.28,38.25,41.24,45.60,42.26,38.25,39.00,14.22,36.50,0.00,16.60,0.00,1.00,-21.00,0.00
13.980,1082.50,13.52,0.19,48.00,48.28,38.25,41.24,45.60,42.26,38.25,39.00,14.22,36.50,0.00,16.60,0.00,1.00,-21.00,0.00
14.132,1082.50,13.52,0.19,48.00,48.28,38.25,41.24,45.60,42.26,38.25,39.00,14.22,36.50,0.00,16.60,0.00,1.00,-21.00,0.00
14.280,1082.50,13.52,0.19,48.00,48.28,38.25,41.24,45.60,42.26,38.25,39.00,14.22,36.50,0.00,16.60,0.00,1.00,-21.00,0.00
14.432,1082.50,13.52,0.19,48.00,48.28,38.25,41.24,45.60,42.26,38.25,39.00,14.22,36.50,0.00,16.60,0.00,1.00,-21.00,0.00
14.581,1082.50,13.52,0.19,48.00,48.28,38.25,41.24,45.60,42.26,38.25,39.00,14.22,36.50,0.00,16.60,0.00,1.00,-21.00,0.00
14.732,1082.50,13.52,0.19,48.00,48.28,38.25,41.24,45.60,42.26,38.25,39.00,14.22,36.50,0.00,13.61,0.00,1.00,-21.00,0.00
14.881,1082.50,13.52,0.19,48.00,48.28,38.25,41.24,45.60,42.26,38.25,39.00,14.22,36.50,0.00,13.61,0.00,1.00,-21.00,0.00
15.030,1082.50,13.52,0.19,48.00,48.28,38.25,41.24,45.60,42.26,38.25,39.00,14.22,36.50,0.00,13.61,0.00,1.00,-21.00,0.00
15.181,1082.50,13.52,0.19,48.00,48.28,38.25,41.24,45.60,42.26,38.25,39.00,14.22,36.50,0.00,13.61,0.00,1.00,-17.25,0.00
15.332,1082.50,13.52,0.19,48.00,48.28,38.25,41.24,45.60,42.26,38.25,39.00,14.22,36.50,0.00,13.61,0.00,1.00,-17.25,0.00
15.481,964.00,13.52,0.19,48.00,48.28,38.25,41.24,45.60,42.26,38.25,39.00,14.22,36.50,0.00,13.61,0.00,1.00,-17.25,0.00
15.632,964.00,13.49,0.19,48.00,48.28,38.25,41.24,45.60,42.26,38.25,39.00,14.22,36.50,0.00,13.61,0.00,1.00,-17.25,0.00
15.781,964.00,13.49,0.05,48.00,48.28,38.25,41.24,45.60,42.26,38.25,39.00,14.22,36.50,0.00,13.61,0.00,1.00,-17.25,0.00
15.932,964.00,13.49,0.05,36.00,48.28,38.25,41.24,45.60,42.26,38.25,39.00,14.22,36.50,0.00,13.61,0.00,1.00,-17.25,0.00
16.081,964.00,13.49,0.05,36.00,39.41,38.25,41.24,45.60,42.26,38.25,39.00,14.22,36.50,0.00,13.61,0.00,1.00,-17.25,0.00
16.232,964.00,13.49,0.05,36.00,39.41,35.25,41.24,45.60,42.26,38.25,39.00,14.22,36.50,0.00,13.61,0.00,1.00,-17.25,0.00
16.381,964.00,13.49,0.05,36.00,39.41,35.25,41.15,45.60,42.26,38.25,39.00,14.22,36.50,0.00,13.61,0.00,1.00,-17.25,0.00
16.532,964.00,13.49,0.05,36.00,39.41,35.25,41.15,39.90,42.26,38.25,39.00,14.22,36.50,0.00,13.61,0.00,1.00,-17.25,0.00
16.681,964.00,13.49,0.05,36.00,39.41,35.25,41.15,39.90,42.56,38.25,39.00,14.22,36.50,0.00,13.61,0.00,1.00,-17.25,0.00
16.832,964.00,13.49,0.05,36.00,39.41,35.25,41.15,39.90,42.56,38.25,39.00,14.22,36.50,0.00,13.61,0.00,1.00,-17.25,0.00
16.981,964.00,13.49,0.05,36.00,39.41,35.25,41.15,39.90,42.56,38.25,40.00,14.22,36.50,0.00,13.61,0.00,1.00,-17.25,0.00
17.132,964.00,13.49,0.05,36.00,39.41,35.25,41.15,39.90,42.56,38.25,40.00,14.22,36.50,0.00,13.61,0.00,1.00,-17.25,0.00
17.280,964.00,13.49,0.05,36.00,39.41,35.25,41.15,39.90,42.56,38.25,40.00,14.22,36.50,0.00,13.61,0.00,1.00,-17.25,0.00
17.432,964.00,13.49,0.05,36.00,39.41,35.25,41.15,39.90,42.56,38.25,40.00,14.22,36.50,0.00,13.61,0.00,1.00,-17.25,0.00
17.581,964.00,13.49,0.05,36.00,39.41,35.25,41.15,39.90,42.56,38.25,40.00,14.22,36.50,0.00,14.25,0.00,1.00,-17.25,0.00
17.732,964.00,13.49,0.05,36.00,39.41,35.25,41.15,39.90,42.56,38.25,40.00,14.22,36.50,0.00,14.25,0.00,1.00,-17.25,0.00
17.881,964.00,13.49,0.05,36.00,39.41,35.25,41.15,39.90,42.56,38.25,40.00,14.22,36.50,0.00,14.25,0.00,1.00,-17.25,0.00
18.061,964.00,13.49,0.05,36.00,39.41,35.25,41.15,39.90,42.56,38.25,40.00,14.22,36.50,0.00,14.25,0.00,1.00,-18.00,0.00
18.211,964.00,13.49,0.05,36.00,39.41,35.25,41.15,39.90,42.56,38.25,40.00,14.22,36.50,0.00,14.25,0.00,1.00,-18.00,0.00
18.361,980.00,13.49,0.05,36.00,39.41,35.25,41.15,39.90,42.56,38.25,40.00,14.22,36.50,0.00,14.25,0.00,1.00,-18.00,0.00
18.511,980.00,13.51,0.05,36.00,39.41,35.25,41.15,39.90,42.56,38.25,40.00,14.22,36.50,0.00,14.25,0.00,1.00,-18.00,0.00
18.661,980.00,13.51,0.03,36.00,39.41,35.25,41.15,39.90,42.56,38.25,40.00,14.22,36.50,0.00,14.25,0.00,1.00,-18.00,0.00
18.811,980.00,13.51,0.03,40.00,39.41,35.25,41.15,39.90,42.56,38.25,40.00,14.22,36.50,0.00,14.25,0.00,1.00,-18.00,0.00
18.961,980.00,13.51,0.03,40.00,40.00,35.25,41.15,39.90,42.56,38.25,40.00,14.22,36.50,0.00,14.25,0.00,1.00,-18.00,0.00
19.110,980.00,13.51,0.03,40.00,40.00,35.25,41.15,39.90,42.56,38.25,40.00,14.22,36.50,0.00,14.25,0.00,1.00,-18.00,0.00
19.261,980.00,13.51,0.03,40.00,40.00,35.25,41.15,39.90,42.56,38.25,40.00,14.22,36.50,0.00,14.25,0.00,1.00,-18.00,0.00
19.411,980.00,13.51,0.03,40.00,40.00,35.25,41.15,40.40,42.56,38.25,40.00,14.22,36.50,0.00,14.25,0.00,1.00,-18.00,0.00
19.561,980.00,13.51,0.03,40.00,40.00,35.25,41.15,40.40,42.96,38.25,40.00,14.22,36.50,0.00,14.25,0.00,1.00,-18.00,0.00
19.711,980.00,13.51,0.03,40.00,40.00,35.25,41.15,40.40,42.96,38.25,40.00,14.22,36.50,0.00,14.25,0.00,1.00,-18.00,0.00
19.861,980.00,13.51,0.03,40.00,40.00,35.25,41.15,40.40,42.96,38.25,40.00,14.22,36.50,0.00,14.25,0.00,1.00,-18.00,0.00
20.011,980.00,13.51,0.03,40.00,40.00,35.25,41.15,40.40,42.96,38.25,40.00,14.22,36.50,0.00,14.25,0.00,1.00,-18.00,0.00
20.161,980.00,13.51,0.03,40.00,40.00,35.25,41.15,40.40,42.96,38.25,40.00,14.22,36.50,0.00,14.25,0.00,1.00,-18.00,0.00
20.311,980.00,13.51,0.03,40.00,40.00,35.25,41.15,40.40,42.96,38.25,40.00,14.22,36.50,0.00,14.25,0.00,1.00,-18.00,0.00
20.462,980.00,13.51,0.03,40.00,40.00,35.25,41.15,40.40,42.96,38.25,40.00,14.22,36.50,0.00,14.17,0.00,1.00,-18.00,0.00
20.611,980.00,13.51,0.03,40.00,40.00,35.25,41.15,40.40,42.96,38.25,40.00,14.22,36.50,0.00,14.17,0.00,1.00,-18.00,0.00
20.761,980.00,13.51,0.03,40.00,40.00,35.25,41.15,40.40,42.96,38.25,40.00,14.22,36.50,0.00,14.17,0.00,1.00,-18.00,0.00
20.911,980.00,13.51,0.03,40.00,40.00,35.25,41.15,40.40,42.96,38.25,40.00,14.22,36.50,0.00,14.17,0.00,1.00,-17.25,0.00
21.061,980.00,13.51,0.03,40.00,40.00,35.25,41.15,40.40,42.96,38.25,40.00,14.22,36.50,0.00,14.17,0.00,1.00,-17.25,0.00
21.211,991.00,13.51,0.03,40.00,40.00,35.25,41.15,40.40,42.96,38.25,40.00,14.22,36.50,0.00,14.17,0.00,1.00,-17.25,0.00
21.361,991.00,13.48,0.03,40.00,40.00,35.25,41.15,40.40,42.96,38.25,40.00,14.22,36.50,0.00,14.17,0.00,1.00,-17.25,0.00
21.511,991.00,13.48,0.03,40.00,40.00,35.25,41.15,40.40,42.96,38.25,40.00,14.22,36.50,0.00,14.17,0.00,1.00,-17.25,0.00
21.661,991.00,13.48,0.03,40.00,40.00,35.25,41.15,40.40,42.96,38.25,40.00,14.22,36.50,0.00,14.17,0.00,1.00,-17.25,0.00
21.811,991.00,13.48,0.03,40.00,39.72,35.25,41.15,40.40,42.96,38.25,40.00,14.22,36.50,0.00,14.17,0.00,1.00,-17.25,0.00
22.023,991.00,13.48,0.03,40.00,39.72,35.25,41.15,40.40,42.96,38.25,40.00,14.22,36.50,0.00,14.17,0.00,1.00,-17.25,0.00
22.171,991.00,13.48,0.03,40.00,39.72,35.25,40.96,40.40,42.96,38.25,40.00,14.22,36.50,0.00,14.17,0.00,1.00,-17.25,0.00
22.323,991.00,13.48,0.03,40.00,39.72,35.25,40.96,40.00,42.96,38.25,40.00,14.22,36.50,0.00,14.17,0.00,1.00,-17.25,0.00
22.471,991.00,13.48,0.03,40.00,39.72,35.25,40.96,40.00,43.56,38.25,40.00,14.22,36.50,0.00,14.17,0.00,1.00,-17.25,0.00
22.623,991.00,13.48,0.03,40.00,39.72,35.25,40.96,40.00,43.56,38.25,40.00,14.22,36.50,0.00,14.17,0.00,1.00,-17.25,0.00
22.772,991.00,13.48,0.03,40.00,39.72,35.25,40.96,40.00,43.56,38.25,40.00,14.22,36.50,0.00,14.17,0.00,1.00,-17.25,0.00
22.923,991.00,13.48,0.03,40.00,39.72,35.25,40.96,40.00,43.56,38.25,40.00,14.22,36.50,0.00,14.17,0.00,1.00,-17.25,0.00
23.071,991.00,13.48,0.03,40.00,39.72,35.25,40.96,40.00,43.56,38.25,40.00,14.22,36.50,0.00,14.17,0.00,1.00,-17.25,0.00
23.223,991.00,13.48,0.03,40.00,39.72,35.25,40.96,40.00,43.56,38.25,40.00,14.22,36.50,0.00,14.17,0.00,1.00,-17.25,0.00
23.371,991.00,13.48,0.03,40.00,39.72,35.25,40.96,40.00,43.56,38.25,40.00,14.22,36.50,0.00,14.16,0.00,1.00,-17.25,0.00
23.521,991.00,13.48,0.03,40.00,39.72,35.25,40.96,40.00,43.56,38.25,40.00,14.22,36.50,0.00,14.16,0.00,1.00,-17.25,0.00
23.671,991.00,13.48,0.03,40.00,39.72,35.25,40.96,40.00,43.56,38.25,40.00,14.22,36.50,0.00,14.16,0.00,1.00,-17.25,0.00
23.823,991.00,13.48,0.03,40.00,39.72,35.25,40.96,40.00,43.56,38.25,40.00,14.22,36.50,0.00,14.16,0.00,1.00,-18.00,0.00
23.970,991.00,13.48,0.03,40.00,39.72,35.25,40.96,40.00,43.56,38.25,40.00,14.22,36.50,0.00,14.16,0.00,1.00,-18.00,0.00
24.123,979.00,13.48,0.03,40.00,39.72,35.25,40.96,40.00,43.56,38.25,40.00,14.22,36.50,0.00,14.16,0.00,1.00,-18.00,0.00
24.271,979.00,13.49,0.03,40.00,39.72,35.25,40.96,40.00,43.56,38.25,40.00,14.22,36.50,0.00,14.16,0.00,1.00,-18.00,0.00
24.451,979.00,13.49,0.03,40.00,39.72,35.25,40.96,40.00,43.56,38.25,40.00,14.22,36.50,0.00,14.16,0.00,1.00,-18.00,0.00
24.601,979.00,13.49,0.03,36.00,39.72,35.25,40.96,40.00,43.56,38.25,40.00,14.22,36.50,0.00,14.16,0.00,1.00,-18.00,0.00
24.751,979.00,13.49,0.03,36.00,39.22,35.25,40.96,40.00,43.56,38.25,40.00,14.22,36.50,0.00,14.16,0.00,1.00,-18.00,0.00
24.901,979.00,13.49,0.03,36.00,39.22,33.75,40.96,40.00,43.56,38.25,40.00,14.22,36.50,0.00,14.16,0.00,1.00,-18.00,0.00
25.051,979.00,13.49,0.03,36.00,39.22,33.75,40.96,40.00,43.56,38.25,40.00,14.22,36.50,0.00,14.16,0.00,1.00,-18.00,0.00
25.201,979.00,13.49,0.03,36.00,39.22,33.75,40.96,39.30,43.56,38.25,40.00,14.22,36.50,0.00,14.16,0.00,1.00,-18.00,0.00
25.351,979.00,13.49,0.03,36.00,39.22,33.75,40.96,39.30,44.36,38.25,40.00,14.22,36.50,0.00,14.16,0.00,1.00,-18.00,0.00
25.501,979.00,13.49,0.03,36.00,39.22,33.75,40.96,39.30,44.36,38.25,40.00,14.22,36.50,0.00,14.16,0.00,1.00,-18.00,0.00
25.651,979.00,13.49,0.03,36.00,39.22,33.75,40.96,39.30,44.36,38.25,40.00,14.22,36.50,0.00,14.16,0.00,1.00,-18.00,0.00
25.801,979.00,13.49,0.03,36.00,39.22,33.75,40.96,39.30,44.36,38.25,40.00,14.22,36.50,0.00,14.16,0.00,1.00,-18.00,0.00
25.951,979.00,13.49,0.03,36.00,39.22,33.75,40.96,39.30,44.36,38.25,40.00,14.22,36.50,0.00,14.16,0.00,1.00,-18.00,0.00
26.101,979.00,13.49,0.03,36.00,39.22,33.75,40.96,39.30,44.36,38.25,40.00,14.22,36.50,0.00,14.16,0.00,1.00,-18.00,0.00
26.251,979.00,13.49,0.03,36.00,39.22,33.75,40.96,39.30,44.36,38.25,40.00,14.22,36.50,0.00,13.91,0.00,1.00,-18.00,0.00
26.401,979.00,13.49,0.03,36.00,39.22,33.75,40.96,39.30,44.36,38.25,40.00,14.22,36.50,0.00,13.91,0.00,1.00,-18.00,0.00
26.551,979.00,13.49,0.03,36.00,39.22,33.75,40.96,39.30,44.36,38.25,40.00,14.22,36.50,0.00,13.91,0.00,1.00,-18.00,0.00
26.701,979.00,13.49,0.03,36.00,39.22,33.75,40.96,39.30,44.36,38.25,40.00,14.22,36.50,0.00,13.91,0.00,1.00,-18.00,0.00
26.851,979.00,13.49,0.03,36.00,39.22,33.75,40.96,39.30,44.36,38.25,40.00,14.22,36.50,0.00,13.91,0.00,1.00,-18.00,1.00
27.001,961.50,13.49,0.03,36.00,39.22,33.75,40.96,39.30,44.36,38.25,40.00,14.22,36.50,0.00,13.91,0.00,1.00,-18.00,1.00
27.151,961.50,13.49,0.03,36.00,39.22,33.75,40.96,39.30,44.36,38.25,40.00,14.22,36.50,0.00,13.91,0.00,1.00,-18.00,1.00
27.301,961.50,13.49,0.03,36.00,39.22,33.75,40.96,39.30,44.36,38.25,40.00,14.22,36.50,0.00,13.91,0.00,1.00,-18.00,1.00
27.561,961.50,13.49,0.03,36.00,39.22,33.75,40.96,39.30,44.36,38.25,40.00,14.22,36.50,0.00,13.91,0.00,1.00,-18.00,1.00
27.711,961.50,13.49,0.03,36.00,38.06,33.75,40.96,39.30,44.36,38.25,40.00,14.22,36.50,0.00,13.91,0.00,1.00,-18.00,1.00
27.861,961.50,13.49,0.03,36.00,38.06,33.75,40.96,39.30,44.36,38.25,40.00,14.22,36.50,0.00,13.91,0.00,1.00,-18.00,1.00
28.011,961.50,13.49,0.03,36.00,38.06,33.75,40.96,39.30,44.36,38.25,40.00,14.22,36.50,0.00,13.91,0.00,1.00,-18.00,1.00
28.161,961.50,13.49,0.03,36.00,38.06,33.75,40.96,37.50,44.36,38.25,40.00,14.22,36.50,0.00,13.91,0.00,1.00,-18.00,1.00
28.311,961.50,13.49,0.03,36.00,38.06,33.75,40.96,37.50,44.96,38.25,40.00,14.22,36.50,0.00,13.91,0.00,1.00,-18.00,1.00
28.461,961.50,13.49,0.03,36.00,38.06,33.75,40.96,37.50,44.96,38.25,40.00,14.22,36.50,0.00,13.91,0.00,1.00,-18.00,1.00
28.611,961.50,13.49,0.03,36.00,38.06,33.75,40.96,37.50,44.96,38.25,41.00,14.22,36.50,0.00,13.91,0.00,1.00,-18.00,1.00
28.761,961.50,13.49,0.03,36.00,38.06,33.75,40.96,37.50,44.96,38.25,41.00,14.22,36.50,0.00,13.91,0.00,1.00,-18.00,1.00
28.911,961.50,13.49,0.03,36.00,38.06,33.75,40.96,37.50,44.96,38.25,41.00,14.22,36.50,0.00,13.91,0.00,1.00,-18.00,1.00
29.061,961.50,13.49,0.03,36.00,38.06,33.75,40.96,37.50,44.96,38.25,41.00,14.22,36.50,0.00,13.91,0.00,1.00,-18.00,1.00
29.211,961.50,13.49,0.03,36.00,38.06,33.75,40.96,37.50,44.96,38.25,41.00,14.22,36.50,0.00,13.64,0.00,1.00,-18.00,1.00
29.361,961.50,13.49,0.03,36.00,38.06,33.75,40.96,37.50,44.96,38.25,41.00,14.22,36.50,0.00,13.64,0.00,1.00,-18.00,1.00
29.511,961.50,13.49,0.03,36.00,38.06,33.75,40.96,37.50,44.96,38.25,41.00,14.22,36.50,0.00,13.64,0.00,1.00,-18.00,1.00
29.691,961.50,13.49,0.03,36.00,38.06,33.75,40.96,37.50,44.96,38.25,41.00,14.22,36.50,0.00,13.64,0.00,1.00,-18.00,1.00
29.842,961.50,13.49,0.03,36.00,38.06,33.75,40.96,37.50,44.96,38.25,41.00,14.22,36.50,0.00,13.64,0.00,1.00,-18.00,0.00
29.991,977.50,13.49,0.03,36.00,38.06,33.75,40.96,37.50,44.96,38.25,41.00,14.22,36.50,0.00,13.64,0.00,1.00,-18.00,0.00
30.143,977.50,13.49,0.03,36.00,38.06,33.75,40.96,37.50,44.96,38.25,41.00,14.22,36.50,0.00,13.64,0.00,1.00,-18.00,0.00
30.291,977.50,13.49,0.02,36.00,38.06,33.75,40.96,37.50,44.96,38.25,41.00,14.22,36.50,0.00,13.64,0.00,1.00,-18.00,0.00
30.442,977.50,13.49,0.02,36.00,38.06,33.75,40.96,37.50,44.96,38.25,41.00,14.22,36.50,0.00,13.64,0.00,1.00,-18.00,0.00
30.591,977.50,13.49,0.02,36.00,37.72,33.75,40.96,37.50,44.96,38.25,41.00,14.22,36.50,0.00,13.64,0.00,1.00,-18.00,0.00
30.743,977.50,13.49,0.02,36.00,37.72,33.00,40.96,37.50,44.96,38.25,41.00,14.22,36.50,0.00,13.64,0.00,1.00,-18.00,0.00
30.891,977.50,13.49,0.02,36.00,37.72,33.00,40.96,37.50,44.96,38.25,41.00,14.22,36.50,0.00,13.64,0.00,1.00,-18.00,0.00
31.043,977.50,13.49,0.02,36.00,37.72,33.00,40.96,38.30,44.96,38.25,41.00,14.22,36.50,0.00,13.64,0.00,1.00,-18.00,0.00
31.192,977.50,13.49,0.02,36.00,37.72,33.00,40.96,38.30,45.96,38.25,41.00,14.22,36.50,0.00,13.64,0.00,1.00,-18.00,0.00
31.342,977.50,13.49,0.02,36.00,37.72,33.00,40.96,38.30,45.96,38.25,41.00,14.22,36.50,0.00,13.64,0.00,1.00,-18.00,0.00
31.492,977.50,13.49,0.02,36.00,37.72,33.00,40.96,38.30,45.96,38.25,41.00,14.22,36.50,0.00,13.64,0.00,1.00,-18.00,0.00
31.642,977.50,13.49,0.02,36.00,37.72,33.00,40.96,38.30,45.96,38.25,41.00,14.22,36.50,0.00,13.64,0.00,1.00,-18.00,0.00
31.791,977.50,13.49,0.02,36.00,37.72,33.00,40.96,38.30,45.96,38.25,41.00,14.22,36.50,0.00,13.64,0.00,1.00,-18.00,0.00
31.943,977.50,13.49,0.02,36.00,37.72,33.00,40.96,38.30,45.96,38.25,41.00,14.22,36.50,0.00,13.64,0.00,1.00,-18.00,0.00
32.092,977.50,13.49,0.02,36.00,37.72,33.00,40.96,38.30,45.96,38.25,41.00,14.22,36.50,0.00,13.73,0.00,1.00,-18.00,0.00
32.242,977.50,13.49,0.02,36.00,37.72,33.00,40.96,38.30,45.96,38.25,41.00,14.22,36.50,0.00,13.73,0.00,1.00,-18.00,0.00
32.391,977.50,13.49,0.02,36.00,37.72,33.00,40.96,38.30,45.96,38.25,41.00,14.22,36.50,0.00,13.73,0.00,1.00,-18.00,0.00
32.543,977.50,13.49,0.02,36.00,37.72,33.00,40.96,38.30,45.96,38.25,41.00,14.22,36.50,0.00,13.73,0.00,1.00,-18.00,0.00
32.691,977.50,13.49,0.02,36.00,37.72,33.00,40.96,38.30,45.96,38.25,41.00,14.22,36.50,0.00,13.73,0.00,1.00,-18.00,0.00
32.843,981.00,13.49,0.02,36.00,37.72,33.00,40.96,38.30,45.96,38.25,41.00,14.22,36.50,0.00,13.73,0.00,1.00,-18.00,0.00
32.992,981.00,13.50,0.02,36.00,37.72,33.00,40.96,38.30,45.96,38.25,41.00,14.22,36.50,0.00,13.73,0.00,1.00,-18.00,0.00
33.143,981.00,13.50,0.02,36.00,37.72,33.00,40.96,38.30,45.96,38.25,41.00,14.22,36.50,0.00,13.73,0.00,1.00,-18.00,0.00
33.292,981.00,13.50,0.02,36.00,37.72,33.00,40.96,38.30,45.96,38.25,41.00,14.22,36.50,0.00,13.73,0.00,1.00,-18.00,0.00
33.442,981.00,13.50,0.02,36.00,37.84,33.00,40.96,38.30,45.96,38.25,41.00,14.22,36.50,0.00,13.73,0.00,1.00,-18.00,0.00
33.591,981.00,13.50,0.02,36.00,37.84,33.00,40.96,38.30,45.96,38.25,41.00,14.22,36.50,0.00,13.73,0.00,1.00,-18.00,0.00
33.743,981.00,13.50,0.02,36.00,37.84,33.00,40.84,38.30,45.96,38.25,41.00,14.22,36.50,0.00,13.73,0.00,1.00,-18.00,0.00
33.891,981.00,13.50,0.02,36.00,37.84,33.00,40.84,37.60,45.96,38.25,41.00,14.22,36.50,0.00,13.73,0.00,1.00,-18.00,0.00
34.043,981.00,13.50,0.02,36.00,37.84,33.00,40.84,37.60,46.96,38.25,41.00,14.22,36.50,0.00,13.73,0.00,1.00,-18.00,0.00
34.191,981.00,13.50,0.02,36.00,37.84,33.00,40.84,37.60,46.96,38.25,41.00,14.22,36.50,0.00,13.73,0.00,1.00,-18.00,0.00
34.343,981.00,13.50,0.02,36.00,37.84,33.00,40.84,37.60,46.96,38.25,41.00,14.22,36.50,0.00,13.73,0.00,1.00,-18.00,0.00
34.492,981.00,13.50,0.02,36.00,37.84,33.00,40.84,37.60,46.96,38.25,41.00,14.22,36.50,0.00,13.73,0.00,1.00,-18.00,0.00
34.643,981.00,13.50,0.02,36.00,37.84,33.00,40.84,37.60,46.96,38.25,41.00,14.22,36.50,0.00,13.73,0.00,1.00,-18.00,0.00
34.792,981.00,13.50,0.02,36.00,37.84,33.00,40.84,37.60,46.96,38.25,41.00,14.22,36.50,0.00,13.73,0.00,1.00,-18.00,0.00
34.942,981.00,13.50,0.02,36.00,37.84,33.00,40.84,37.60,46.96,38.25,41.00,14.22,36.50,0.00,13.67,0.00,1.00,-18.00,0.00
35.092,981.00,13.50,0.02,36.00,37.84,33.00,40.84,37.60,46.96,38.25,41.00,14.22,36.50,0.00,13.67,0.00,1.00,-18.00,0.00
35.243,981.00,13.50,0.02,36.00,37.84,33.00,40.84,37.60,46.96,38.25,41.00,14.22,36.50,0.00,13.67,0.00,0.99,-18.00,0.00
35.392,981.00,13.50,0.02,36.00,37.84,33.00,40.84,37.60,46.96,38.25,41.00,14.22,36.50,0.00,13.67,0.00,0.99,-18.00,0.00
35.543,981.00,13.50,0.02,36.00,37.84,33.00,40.84,37.60,46.96,38.25,41.00,14.22,36.50,0.00,13.67,0.00,0.99,-18.00,0.00
35.692,955.50,13.50,0.02,36.00,37.84,33.00,40.84,37.60,46.96,38.25,41.00,14.22,36.50,0.00,13.67,0.00,0.99,-18.00,0.00
35.843,955.50,13.49,0.02,36.00,37.84,33.00,40.84,37.60,46.96,38.25,41.00,14.22,36.50,0.00,13.67,0.00,0.99,-18.00,0.00
35.992,955.50,13.49,0.02,36.00,37.84,33.00,40.84,37.60,46.96,38.25,41.00,14.22,36.50,0.00,13.67,0.00,0.99,-18.00,0.00
36.143,955.50,13.49,0.02,36.00,37.84,33.00,40.84,37.60,46.96,38.25,41.00,14.22,36.50,0.00,13.67,0.00,0.99,-18.00,0.00
36.292,955.50,13.49,0.02,36.00,37.00,33.00,40.84,37.60,46.96,38.25,41.00,14.22,36.50,0.00,13.67,0.00,0.99,-18.00,0.00
36.445,955.50,13.49,0.02,36.00,37.00,32.25,40.84,37.60,46.96,38.25,41.00,14.22,36.50,0.00,13.67,0.00,0.99,-18.00,0.00
36.592,955.50,13.49,0.02,36.00,37.00,32.25,40.96,37.60,46.96,38.25,41.00,14.22,36.50,0.00,13.67,0.00,0.99,-18.00,0.00
36.742,955.50,13.49,0.02,36.00,37.00,32.25,40.96,37.00,46.96,38.25,41.00,14.22,36.50,0.00,13.67,0.00,0.99,-18.00,0.00
36.891,955.50,13.49,0.02,36.00,37.00,32.25,40.96,37.00,48.06,38.25,41.00,14.22,36.50,0.00,13.67,0.00,0.99,-18.00,0.00
37.043,955.50,13.49,0.02,36.00,37.00,32.25,40.96,37.00,48.06,38.25,41.00,14.22,36.50,0.00,13.67,0.00,0.99,-18.00,0.00
37.192,955.50,13.49,0.02,36.00,37.00,32.25,40.96,37.00,48.06,38.25,42.00,14.22,36.50,0.00,13.67,0.00,0.99,-18.00,0.00
37.372,955.50,13.49,0.02,36.00,37.00,32.25,40.96,37.00,48.06,38.25,42.00,14.22,36.50,0.00,13.67,0.00,0.99,-18.00,0.00
37.521,955.50,13.49,0.02,36.00,37.00,32.25,40.96,37.00,48.06,38.25,42.00,14.22,36.50,0.00,13.67,0.00,0.99,-18.00,0.00
37.672,955.50,13.49,0.02,36.00,37.00,32.25,40.96,37.00,48.06,38.25,42.00,14.22,36.50,0.00,13.67,0.00,0.99,-18.00,0.00
37.822,955.50,13.49,0.02,36.00,37.00,32.25,40.96,37.00,48.06,38.25,42.00,14.22,36.50,0.00,13.55,0.00,0.99,-18.00,0.00
37.971,955.50,13.49,0.02,36.00,37.00,32.25,40.96,37.00,48.06,38.25,42.00,14.22,36.50,0.00,13.55,0.00,0.99,-18.00,0.00
38.122,955.50,13.49,0.02,36.00,37.00,32.25,40.96,37.00,48.06,38.25,42.00,14.22,36.50,0.00,13.55,0.00,0.99,-18.00,0.00
38.272,955.50,13.49,0.02,36.00,37.00,32.25,40.96,37.00,48.06,38.25,42.00,14.22,36.50,0.00,13.55,0.00,0.99,-18.00,0.00
38.422,955.50,13.49,0.02,36.00,37.00,32.25,40.96,37.00,48.06,38.25,42.00,14.22,36.50,0.00,13.55,0.00,0.99,-18.00,0.00
38.572,976.00,13.49,0.02,36.00,37.00,32.25,40.96,37.00,48.06,38.25,42.00,14.22,36.50,0.00,13.55,0.00,0.99,-18.00,0.00
38.722,976.00,13.49,0.02,36.00,37.00,32.25,40.96,37.00,48.06,38.25,42.00,14.22,36.50,0.00,13.55,0.00,0.99,-18.00,0.00
38.871,976.00,13.49,0.02,36.00,37.00,32.25,40.96,37.00,48.06,38.25,42.00,14.22,36.50,0.00,13.55,0.00,0.99,-18.00,0.00
39.022,976.00,13.49,0.02,36.00,37.00,32.25,40.96,37.00,48.06,38.25,42.00,14.22,36.50,0.00,13.55,0.00,0.99,-18.00,0.00
39.171,976.00,13.49,0.02,36.00,36.84,32.25,40.96,37.00,48.06,38.25,42.00,14.22,36.50,0.00,13.55,0.00,0.99,-18.00,0.00
39.322,976.00,13.49,0.02,36.00,36.84,32.25,40.96,37.00,48.06,38.25,42.00,14.22,36.50,0.00,13.55,0.00,0.99,-18.00,0.00
39.472,976.00,13.49,0.02,36.00,36.84,32.25,40.96,37.00,48.06,38.25,42.00,14.22,36.50,0.00,13.55,0.00,0.99,-18.00,0.00
39.622,976.00,13.49,0.02,36.00,36.84,32.25,40.96,36.90,48.06,38.25,42.00,14.22,36.50,0.00,13.55,0.00,0.99,-18.00,0.00
39.772,976.00,13.49,0.02,36.00,36.84,32.25,40.96,36.90,49.06,38.25,42.00,14.22,36.50,0.00,13.55,0.00,0.99,-18.00,0.00
39.922,976.00,13.49,0.02,36.00,36.84,32.25,40.96,36.90,49.06,38.25,42.00,14.22,36.50,0.00,13.55,0.00,0.99,-18.00,0.00
40.072,976.00,13.49,0.02,36.00,36.84,32.25,40.96,36.90,49.06,38.25,42.00,14.22,36.50,0.00,13.55,0.00,0.99,-18.00,0.00
40.222,976.00,13.49,0.02,36.00,36.84,32.25,40.96,36.90,49.06,38.25,42.00,14.22,36.50,0.00,13.55,0.00,0.99,-18.00,0.00
40.371,976.00,13.49,0.02,36.00,36.84,32.25,40.96,36.90,49.06,38.25,42.00,14.22,36.50,0.00,13.55,0.00,0.99,-18.00,0.00
40.521,976.00,13.49,0.02,36.00,36.84,32.25,40.96,36.90,49.06,38.25,42.00,14.22,36.50,0.00,13.55,0.00,0.99,-18.00,0.00
40.671,976.00,13.49,0.02,36.00,36.84,32.25,40.96,36.90,49.06,38.25,42.00,14.22,36.50,0.00,13.50,0.00,0.99,-18.00,0.00
40.822,976.00,13.49,0.02,36.00,36.84,32.25,40.96,36.90,49.06,38.25,42.00,14.22,36.50,0.00,13.50,0.00,0.99,-18.00,0.00
40.972,976.00,13.49,0.02,36.00,36.84,32.25,40.96,36.90,49.06,38.25,42.00,14.22,36.50,0.00,13.50,0.00,1.00,-18.00,0.00
41.122,976.00,13.49,0.02,36.00,36.84,32.25,40.96,36.90,49.06,38.25,42.00,14.22,36.50,0.00,13.50,0.00,1.00,-18.00,0.00
41.272,976.00,13.49,0.02,36.00,36.84,32.25,40.96,36.90,49.06,38.25,42.00,14.22,36.50,0.00,13.50,0.00,1.00,-18.00,0.00
41.422,977.50,13.49,0.02,36.00,36.84,32.25,40.96,36.90,49.06,38.25,42.00,14.22,36.50,0.00,13.50,0.00,1.00,-18.00,0.00
41.572,977.50,13.50,0.02,36.00,36.84,32.25,40.96,36.90,49.06,38.25,42.00,14.22,36.50,0.00,13.50,0.00,1.00,-18.00,0.00
41.722,977.50,13.50,0.02,36.00,36.84,32.25,40.96,36.90,49.06,38.25,42.00,14.22,36.50,0.00,13.50,0.00,1.00,-18.00,0.00
41.871,977.50,13.50,0.02,36.00,36.84,32.25,40.96,36.90,49.06,38.25,42.00,14.22,36.50,0.00,13.50,0.00,1.00,-18.00,0.00
